text,label
"Accessing out of habit, not necessity",invalid
Acute presentation lacks clinical context; immediate access to older entries is necessary,emergency
Acute presentation lacks context; historical documentation needed without delay,emergency
Acute symptoms require quick validation against earlier findings,emergency
Adjusting treatment support requires long-term monitoring analysis,restricted
Aligning new rehabilitation path with earlier mobility records,restricted
Aligning updated plan with earlier physician recommendations,restricted
Analyzing pain pattern history essential for updated therapeutic decisions,restricted
Assessing disease course requires referencing past follow-up entries,restricted
Assessing long-term disease modulation requires earlier snapshots,restricted
Assessing new lifestyle impact by checking earlier baseline metrics,restricted
Assessing procedure follow-up requires insight into previous appointment outcomes,restricted
Assessing progress relative to older scans to confirm trend stability,restricted
Assessing record consistency to avoid procedural duplication,restricted
Assessment blocked by sudden instability; require urgent review of past imaging,emergency
Assessment interrupted due to unexpected findings; need previous reports right now,emergency
Baseline uncertainty requires immediate confirmation from long-term documentation,emergency
"Before determining escalation, earlier therapeutic impact must be observed",restricted
"Before initiating critical intervention, must confirm previous medication reactions",emergency
"Before modifying care plan, reviewing recent months of data is required",restricted
"Before performing next step, earlier evaluation history must be checked quickly",emergency
"Before proceeding further, baseline documentation from earlier visits must be checked urgently",emergency
"Before recommending modifications, older dose-response history must be examined",restricted
Browsing old entries for general learning about clinical variability,invalid
Browsing older cases since I had free time,invalid
Browsing patient records to understand typical case narratives,invalid
"Browsing through files to understand data trends, even though not required",invalid
Browsing through historical entries because I found them interesting,invalid
Cannot proceed without confirming historical variations right away,emergency
Care review meeting preparation requires older symptom progression logs,restricted
Checking a patient?s file because their name sounded familiar,invalid
Checking clinical consistency across visits ensures safe treatment progression,restricted
Checking details unrelated to my current clinical responsibilities,invalid
Checking effects of long-term treatment across multiple documentation periods,restricted
Checking for recurring intervals in symptoms using older notations,restricted
Checking historical medication adherence logs to refine ongoing guidance,restricted
Checking holiday-period evaluation gaps using archived data,restricted
Checking if present concerns align with documented complaints from last year,restricted
Checking if the name matches someone I once met outside the hospital,invalid
Checking if the patient has any unique conditions I can learn from,invalid
Checking if this patient has any interesting historical entries,invalid
Checking if this patient has moved from another department I worked in previously,invalid
Checking longitudinal charts before advising next monitoring step,restricted
Checking past unresolved issues before proceeding,restricted
Checking progression of suspected condition requires multi-visit comparison,restricted
Checking random patient files to explore documentation diversity,invalid
Checking unrelated case files to improve my general understanding,invalid
Checking unrelated files to learn more general things about conditions,invalid
Checking unrelated history to understand record structures better,invalid
Checking unrelated patient data to compare clinical documentation approaches,invalid
Checking whether this patient record includes rare findings I want to learn about,invalid
Clarifying chronic discomfort progression through earlier trend entries,restricted
Clarifying persistent fatigue concerns using multi-period assessment records,restricted
Clarifying status change requires instant comparison to earlier data,emergency
Clarifying treatment intervals based on earlier therapeutic milestones,restricted
Clarifying variance in current presentation requires historical trace,restricted
Clinical inconsistency observed; referencing prior patterns required without delay,emergency
Comparing current clinical markers with long-term baseline values,restricted
Comparing current irregularity to past data required without delay,emergency
Comparing general case documentation styles across patients,invalid
Comparing lab progressions assists in adjusting therapy recommendations,restricted
Comparing present symptom fluctuations with early-stage indications,restricted
Comparing recent results with established baseline before recommending adjustments,restricted
Comparing this patient's past with someone else's situation for personal learning,invalid
Comparing with previous fluctuations necessary to determine safe response,emergency
Confirming accuracy of self-reported symptoms using previous documentation,restricted
Confirming consultation continuity helps finalize updated monitoring plan,restricted
Confirming individual's long-term diagnostic pattern for precision treatment,restricted
Confirming lab interpretation accuracy across multi-quarter cycles,restricted
Confirming no contradictory advice issued before by checking older notes,restricted
Confirming whether recent fluctuations mirror prior irregularities,restricted
Consulting prior trends before endorsing new test cycles,restricted
Correlating current assessment with historical test variations improves accuracy,restricted
Correlation with previous lab results necessary for accurate assessment,restricted
Critical care decision cannot proceed without instant verification of prior interventions,emergency
Critical inconsistencies found in respiratory pattern; must validate using earlier notes,emergency
Critical step depends on instant verification of older clinical data,emergency
Cross-checking baseline metrics prevents misinterpretation of recent findings,restricted
Cross-checking imaging intervals helps determine current clinical stage,restricted
Cross-checking past treatments to validate upcoming procedural decisions,restricted
Cross-comparing early-stage labs with current results for accuracy,restricted
Cross-matching early diagnostic impressions with new interpretations,restricted
Cross-referencing older pathology interpretations ensures consistent evaluation,restricted
Cross-referencing older physiological readings for improved treatment clarity,restricted
Cross-verifying potential misreading by referencing earlier balanced indicators,restricted
Curiosity about a pattern I think I noticed made me want to read this file,invalid
Curiosity about rare conditions made me check this file,invalid
Curiosity-driven review of unrelated past medical notes,invalid
Curious if someone I recognize had visited recently,invalid
Curious if this patient had an unusual case history,invalid
Current findings diverge sharply from historical baselines; rapid verification is essential,emergency
Current metrics inconsistent; reviewing older documentation required urgently,emergency
Current vital fluctuation could indicate severe shift; reviewing previous records now,emergency
Detected anomaly requires immediate review of prior consultations,emergency
Determining proper referral path requires historical consult context,restricted
Determining suitable monitoring frequency requires long-term context,restricted
Determining symptom persistence requires older comparative points,restricted
Deviation from expected pattern must be validated with historical info,emergency
Ensuring accuracy of present assessment by checking historical patterns,restricted
Ensuring adherence to previous physician guidance requires earlier files,restricted
Ensuring continuity between earlier recommendations and current planning,restricted
Ensuring correct dosage mapping requires review of prescription history,restricted
Ensuring diagnostic rigor by correlating present observations with earlier ones,restricted
Ensuring new advice does not conflict with earlier contraindications,restricted
Ensuring new findings align with previous conclusions before reporting,restricted
Ensuring no conflict with previous medication decisions before prescribing,restricted
Ensuring no overlap in diagnostic planning by reviewing earlier results,restricted
Ensuring proper care alignment with baseline values across visits,restricted
Ensuring scheduled consultation accuracy by checking earlier reports,restricted
Ensuring sequential diagnostic history correctness requires earlier checks,restricted
Ensuring updated treatment plan aligns with earlier physician intentions,restricted
Establishing management direction requires revisiting earlier impressions,restricted
Evaluating long-standing conditions through multi-phase comparison,restricted
Evaluating past intervention effectiveness helps with next step,restricted
Evaluating sudden clinical fluctuation demands rapid look at previous incidents,emergency
Evaluating variation frequency requires older measurement cycles,restricted
Examining chronic variation trend requires multiple past points of reference,restricted
Examining imaging progression over time to verify disease trajectory,restricted
Examining older consult notes supports alignment of treatment goals,restricted
Examining symptom consistency across documented timeline improves accuracy,restricted
"Exploring earlier case data to understand typical patterns, not tied to duty",invalid
Exploring past medical notes even though they have no relevance to my work,invalid
"Following supervisory review, referencing older treatment suggestions",restricted
Following up on earlier test anomalies; need access to previous reports,restricted
Follow-up preparation requires contextual understanding of prior evaluations,restricted
Going through records to familiarize myself with different case types,invalid
"Heard someone mention this patient, wanted to confirm what the issue was",invalid
Historical data critical to determine safe intervention in current situation,emergency
I am exploring unrelated diagnostic notes for personal insight,invalid
I am looking at this patient as part of personal curiosity,invalid
I am reviewing the file without direct involvement in the case,invalid
"I noticed this case in a meeting and wanted to review it, though not required",invalid
I recall hearing something related and wanted to check if this is the same individual,invalid
I recall something similar from my previous hospital; checking if it's the same person,invalid
I remember this name from somewhere and want to check who they are,invalid
I saw this patient's name earlier and want to check more about them,invalid
I saw this person outside the hospital and wondered about their condition,invalid
I want to browse earlier files to see how different conditions were reported,invalid
I want to browse older entries to see variations in clinical writing styles,invalid
I want to check if a rumor about this patient matches the records,invalid
I want to check if this individual previously visited for something I heard,invalid
I want to check if this patient has a condition I've been researching personally,invalid
I want to check patient history even though they?re not assigned to me,invalid
I want to check what older doctors wrote in their assessments,invalid
I want to check whether I recall this patient from years ago,invalid
I want to compare this case with someone unrelated that I treated before,invalid
"I want to evaluate this case because it seems noteworthy, though unrelated to my tasks",invalid
I want to examine this record because I'm researching similar cases personally,invalid
I want to examine unrelated cases to compare documentation approaches,invalid
I want to familiarize myself with hospital processes using real patient files,invalid
I want to look at an older entry to satisfy a personal curiosity,invalid
I want to read the historical notes because I find them interesting,invalid
"I want to read this file for personal educational insight, not for care needs",invalid
I want to see how often this patient has visited out of curiosity,invalid
I want to see how other clinicians handled this case even though I?m not involved,invalid
I want to see older details because the case seems interesting,invalid
I want to validate something I heard about this case informally,invalid
I want to verify something I speculated about this patient,invalid
I wanted to confirm something I overheard about a patient,invalid
I wanted to cross-check if someone I know is receiving care here,invalid
I was curious about whether this case resembles another patient I once encountered,invalid
I was curious if this patient?s case matches rumors I heard,invalid
I was wondering if this file contains something noteworthy,invalid
I wondered if this person is from my neighborhood; checking file to confirm,invalid
"I?d like to see what earlier doctors wrote, just out of interest",invalid
I?d like to view this file though it?s not connected to my duties,invalid
"I?m exploring older notes for my own general learning, not tied to this case",invalid
"I?m looking at this file out of habit, not immediate necessity",invalid
I?m reviewing historical reports to see if any unique elements exist,invalid
"I'm reviewing older cases for personal interest in variations, not clinical need",invalid
Immediate cross-check with imaging history required to continue examination,emergency
Immediate referencing of older measurements necessary before care continues,emergency
Immediate risk cannot be evaluated without reviewing previous episodes,emergency
Indications of instability require checking historical info immediately,emergency
Indications of possible escalation require fast reference to older care plans,emergency
Investigating mild symptom regression with reference to historical visit data,restricted
Investigating slow response pattern through long-term readings,restricted
Investigating symptom-relapse suspicion; older data essential for clarity,restricted
Investigating whether new discomfort relates to earlier episodes,restricted
Just wanted to understand how this particular case was documented previously,invalid
Long-term medication effect review requires referencing earlier prescriptions,restricted
Looking at the report as I was curious how their earlier treatments went,invalid
Looking for interesting cases to read through for knowledge,invalid
Looking into earlier measurements to confirm current findings,restricted
Looking into previous referrals to structure ongoing care properly,restricted
Looking into this case because it was mentioned casually in passing,invalid
Looking into this record because it was mentioned casually around me,invalid
Looking to see if this case fits an example I heard during a seminar,invalid
Looking up old patient information for personal background reasons,invalid
Mapping recovery consistency requires referencing earlier functional summaries,restricted
Mapping seasonal symptom variation through historical check,restricted
Need baseline symptom register to confirm stability claims,restricted
Need comparative review of earlier responses to determine next action,emergency
Need comparison with last chronic care review to ensure alignment,restricted
Need confirmation of previous contraindications before moving ahead with decisions,emergency
Need contextual relevance from older annotations to support decision,restricted
Need earlier spirometry outcomes to interpret present pulmonary markers,restricted
Need instant confirmation of earlier diagnostics for safe care progression,emergency
Need older lab interpretations to validate present findings,restricted
Need older pharma history to assess tolerance patterns,restricted
Need older readings to confirm whether recent changes are meaningful,restricted
Need past nutrition deficiencies to guide updated supplementation recommendations,restricted
Need previous consultation outcomes to frame current assessment properly,restricted
Need previous ECG readings to compare with recent conduction patterns,restricted
Need previous nutritional consultation notes for comprehensive guidance,restricted
Need prior consultation inputs to avoid contradictory recommendations,restricted
Need rapid historical comparison to avoid compromising active care,emergency
Need supporting reference from older test cycles before advising next steps,restricted
Need to analyze long-term glucose behavior for proper adjustments,restricted
Need to compare earlier physiological responses before proceeding with immediate decisions,emergency
Need to confirm baseline risks quickly before continuing with procedure,emergency
Need to cross-check earlier imaging to determine progression path,restricted
Need to determine medication tolerance quickly using older records,emergency
Need to examine earlier functional evaluations for updated therapy cues,restricted
Need to understand duration-related effects; reviewing long-term notes,restricted
Need to verify long-term trend before modifying treatment dosage,restricted
Neurological reactivity inconsistent with baseline; immediate historical reference required,emergency
New findings may imply severe shift; fast review of old notes mandatory,emergency
New onset complications require instant reference to historical documentation,emergency
New symptoms emerged quickly; prompt comparison with earlier cases necessary,emergency
No clear clinical purpose; just reviewing the record out of interest,invalid
"Not involved in their care, but wanted to look at the details anyway",invalid
Not involved in this case but want to examine their initial findings,invalid
Observed anomalies must be compared with relevant past assessments now,emergency
Observed deviation demands fast examination of records to guide decision-making,emergency
Observed inconsistencies require immediate review of past assessments to avoid risk,emergency
Observed patterns may indicate severe underlying issues; must inspect prior reports now,emergency
"Observed severe irregularity in condition progression, need urgent past-measure review",emergency
Observed sudden behavioral shift; older neurological observations needed immediately,emergency
"Out of curiosity, I want to check how this patient has progressed over time",invalid
Patient asked about earlier imaging schedule; reviewing documentation,restricted
Patient claims improvement inconsistency; validating via historical measures,restricted
Patient concerns about prior treatments require historical verification,restricted
Patient condition unclear without instant look at prior reports,emergency
Patient expressed concern about unusual progression; reviewing older imaging,restricted
Patient expresses recurrence concerns; validating through older data entries,restricted
Patient following rehabilitation; checking prior functional assessments,restricted
Patient history unavailable verbally; need immediate access to files,emergency
Patient mentioned deviation in persistent symptoms; confirming with past notes,restricted
Patient mentioned recurring discomfort; reviewing past documentation for correlation,restricted
Patient name looked familiar and I wanted to confirm if they're someone I know,invalid
Patient reported inconsistent progress; cross-checking older values,restricted
Patient reported mild variation; verifying through historical symptom logs,restricted
Patient reports intermittent discomfort; referencing earlier visits for pattern check,restricted
Patient requested clarification on test history; retrieving older documentation,restricted
Patient requested evaluation timeline; retrieving older appointment data,restricted
Patient requested explanation of previous lab progression; retrieving needed context,restricted
Patient tracking analysis needs older measurement intervals,restricted
Patient tracking project requires historical performance data,restricted
Patient unable to clarify any prior conditions; immediate review required,emergency
Patient unable to communicate personal history; accessing records immediately is crucial,emergency
Patient unable to describe prior occurrences; must consult records immediately,emergency
Patient unsure about prior evaluation sequence; verifying historical order,restricted
Patient's reaction contradicts expectations; immediate review of older notes essential,emergency
Pattern shift suggests potential risk; older entries needed for confirmation now,emergency
Planning lifestyle intervention requires patient historical insight,restricted
Preliminary data shows inconsistencies; quick check with past values required,emergency
Preparing a multi-disciplinary case review summary requires historical alignment,restricted
Preparing briefing for senior review requires referencing previous summaries,restricted
Preparing care summary for patient meeting; older data required,restricted
Preparing clarity report for patient; referencing older findings,restricted
Preparing clinical explanation for patient; older records needed for clarity,restricted
Preparing extended care report requires review of multiple older entries,restricted
Preparing follow-up documentation requires referencing earlier entries,restricted
Preparing follow-up plan requires access to previous clinical summaries,restricted
Preparing for multidisciplinary review requires referencing prior strategy notes,restricted
Preparing justification for specialist referral requires older summaries,restricted
Preparing progress evaluation; referencing earlier appointment outcomes,restricted
Preparing structured follow-ups requires consolidated historical review,restricted
Preparing summary for interdepartmental review requires older case notes,restricted
Preparing summary for planned specialist referral; earlier diagnostics needed,restricted
Preparing updated care summary requires reviewing observations from earlier cycles,restricted
Present developments could signal rapid decline; earlier reports essential now,emergency
Previous imaging comparisons needed promptly to ensure correct handling,emergency
Prior assessment details needed to finalize rapid decision-making,emergency
Prior contraindication history needed urgently to proceed safely,emergency
Provisional measures require quick comparison with historic baseline,emergency
Rapid changes in patient status require quick reference to diagnostic history,emergency
Rapid decline observed; earlier assessment patterns required urgently for stabilization,emergency
Rapid intervention requires understanding prior context immediately,emergency
Rapid review needed to ensure ongoing management is safe and appropriate,emergency
Rapid-care decision blocked until earlier documentation verified,emergency
Rapidly changing symptom cluster requires reference to historical screenings,emergency
Reading through cases unrelated to my responsibilities,invalid
Reassessing chronic condition pathway requires historical comparison,restricted
Recent abnormality must be checked against previous benchmarks immediately,emergency
Recent assessment mismatches expectations; require historical notes right now,emergency
Recent clinical changes differ from past trends; reviewing prior notes is necessary at this point,emergency
Recent critical development requires immediate historical verification,emergency
Recent deterioration suggests urgent look into previously documented events,emergency
Recent developments create uncertainty; referencing older baselines needed urgently,emergency
Recent developments prevent safe decisions without immediate record access,emergency
Recent issues possibly related to past incidents; need immediate file review,emergency
Recent readings abnormal; quick look at older charts needed to confirm cause,emergency
Recent readings conflict with expected pattern; older notes critical for decisions,emergency
"Recent respiratory irregularity noted, need to confirm possible prior incidents immediately",emergency
Recent sharp decline demands urgent comparison with prior diagnostic outcomes,emergency
Recent symptoms are inconsistent; comparing with past episodes necessary right now,emergency
Recent uncharacteristic values require quick confirmation from earlier medical entries,emergency
Refining personalized plan requires past-to-present correlation review,restricted
Reviewing clinical course consistency across past visits for treatment planning,restricted
Reviewing cyclical improvement patterns for therapeutic planning,restricted
Reviewing earlier medication logs to avoid harmful combinations,restricted
Reviewing earlier side-effect records needed before determining current dosage adjustment,emergency
Reviewing early-stage investigation notes to understand current implications,restricted
Reviewing episodic pattern evolution through earlier entries,restricted
Reviewing history of intermittent conditions for pattern identification,restricted
Reviewing longitudinal markers supports better adjustment decisions,restricted
Reviewing multi-year lab data to confirm stabilized pattern,restricted
Reviewing ongoing case management history for continuity of care,restricted
Reviewing overlapping diagnostic data for comprehensive clarity,restricted
Reviewing past corrective measures for alignment with current strategy,restricted
Reviewing records just to understand documentation tone differences,invalid
Reviewing symptom evolution across earlier consultations for accuracy,restricted
Reviewing therapeutic response across older notes for comprehensive review,restricted
"Reviewing this file because I find it informative, not required",invalid
Revisiting prior dietary notes to adjust current recommendations effectively,restricted
Saw part of the file earlier and wanted to explore more details just because,invalid
Saw the case title and wanted to know more without specific purpose,invalid
Saw this record referenced indirectly; now checking for details,invalid
Sharp deviation from baseline neurological response demands urgent review,emergency
Signs of potential escalation make historic data indispensable right now,emergency
Stabilization requires immediate understanding of earlier complications,emergency
Staging progression accurately requires layering newer and older findings,restricted
Strengthening case justification for specialist review using past diagnostics,restricted
Structuring ongoing care plan requires referencing long-term documentation,restricted
Structuring preventive strategy requires long-term medical context,restricted
Structuring revised monitoring routine requires earlier reference data,restricted
Sudden collapse of respiratory pattern requires immediate referencing of past abnormalities,emergency
Sudden deterioration requires prior baselines to guide response,emergency
Sudden deviation in respiratory pattern demands quick check of earlier evaluations,emergency
Sudden progression of symptoms warrants immediate access to earlier measurements,emergency
Supporting continuity of care requires integrating historical summaries,restricted
Suspected rapid progression; historical context required immediately,emergency
The shift in vital parameters requires immediate clarification via older notes,emergency
Thought I recognized the surname and wanted to confirm who it is,invalid
"To align immediate care steps, earlier diagnostic impressions required now",emergency
"To assess medication compliance, retrieving older pharmacy logs",restricted
"To avoid adverse outcome, immediate reference to previous findings needed",emergency
"To avoid duplicating tests, confirming past procedures is needed",restricted
"To avoid misinterpretation, reference earlier interpretations",restricted
"To avoid repeating procedures, reviewing prior diagnostics is essential",restricted
"To avoid unsafe intervention, earlier relevant documentation must be referenced immediately",emergency
"To confirm dosage pathway, referencing earlier medication logs is required",restricted
"To confirm gradual improvement, trend alignment with past values required",restricted
"To confirm no adverse reactions previously recorded, older records required",restricted
"To confirm stability, comparing parameters from earlier seasons necessary",restricted
"To confirm stability, reviewing several previous check-ups is necessary",restricted
"To confirm whether recent symptoms align with recorded patterns, older notes must be checked",restricted
"To cross-check therapeutic goals, reviewing prior progress is needed",restricted
"To determine next steps, previous evaluations across months must be included",restricted
"To ensure safe management, earlier treatment pathways must be referenced quickly",emergency
"To evaluate the appropriateness of next steps, older diagnostic results are needed",restricted
"To finalize recommendation, historical measurements must be referenced",restricted
"To identify trend patterns across months, previous labs must be referenced",restricted
"To maintain continuity, reviewing older nursing notes assists accuracy",restricted
"To mitigate immediate risk, past episodes must be reviewed now",emergency
"To prepare updated recovery timeline, earlier clinical benchmarks required",restricted
"To rule out high-risk complications, historic data must be checked immediately",emergency
"To safely adjust ongoing measures, earlier progress notes must be reviewed now",emergency
"To safely recommend adjustments, reviewing long-term observations is required",restricted
"To stabilize patient safely, previous trends must be examined now",emergency
"To validate patient-reported experiences, earlier clinical documentation is needed",restricted
"To validate suspected improvement, older images needed for comparison",restricted
"To verify absence of complications, reviewing previously recorded outcomes is required",restricted
"To verify fitness for follow-up treatment, earlier notes must be referenced",restricted
"To verify safety, previous complications must be checked immediately",emergency
"To verify subtle fluctuations, older parametric levels required",restricted
Tracking progress of rehabilitation therapy via earlier performance ratios,restricted
Treatment adjustment requires instant verification of earlier reactions,emergency
Trying to compare unrelated cases out of personal learning interest,invalid
Trying to confirm if this patient has been admitted previously for a topic I overheard,invalid
Trying to deepen my knowledge by browsing random cases,invalid
Trying to familiarize myself with hospital cases by reviewing files,invalid
Trying to learn about a rare scenario by reading unrelated historical entries,invalid
Trying to see if this patient has been discussed in general forums,invalid
Trying to see if this patient is part of a trend I?ve been personally studying,invalid
Trying to understand details not connected with my assigned care group,invalid
Trying to understand documentation variance by reading random files,invalid
Trying to understand how certain symptoms were described historically,invalid
Trying to view a record with no operational need,invalid
Unable to proceed accurately without prompt access to past diagnostic entries,emergency
Understanding baseline fluctuation needs multi-visit comparison,restricted
Understanding patient?s long-term stability requires referencing older records,restricted
Understanding progression speed requires referencing multi-visit data,restricted
Unexpected cardiovascular irregularity mandates quick access to earlier results,emergency
Unexpected downturn demands urgent reference to existing records,emergency
Unexpected neurological response requires quick verification of past episodes,emergency
Unexpected response to preliminary treatment requires instant review of past notes,emergency
Unexpected response to treatment necessitates immediate historical comparison,emergency
Unexpected trend emerged; need to confirm if similar episodes occurred earlier,emergency
Unexpected variation in vital patterns requires prompt reference to older assessments,emergency
Unexpected vital instability requires rapid comparison with earlier episodes,emergency
Upgrading monitoring strategy requires previous trends for comparison,restricted
Urgent stabilizing action depends on immediate access to historical metrics,emergency
Validating accuracy of recent readings by referencing earlier baselines,restricted
Validating recent investigative findings through earlier consult summaries,restricted
Validating trend accuracy requires referencing older cohort measurements,restricted
Verifying data continuity to avoid redundant diagnostics,restricted
Verifying new onset symptoms against older detailed entries,restricted
Verifying whether recorded improvements match patient feedback from prior visits,restricted
Viewing this file because the name caught my attention,invalid
Vital shifts indicate potential escalation; immediate historical review needed,emergency
Want to look at patient notes unrelated to my designated assignments,invalid
Want to understand the background of this patient though not relevant to my work,invalid
"Without access to past events, current rapid assessment is incomplete",emergency
